,이름,휴대폰번호,회원ID,이메일주소,성별,생년월일,비밀번호
0,남궁고아,010-9148-5934,zywfzni9e,dGwvraHihsZz@test.com,여,19280331,19280331
1,사공천오,010-3206-5916,mzk1,rfcmUDfqbzFh@test.com,여,19650916,19650916
2,선우서완,010-6937-5637,gd8z,WjuGuQYAbHUo@test.com,남,19481130,19481130
3,손문별,010-4826-3289,f9ksqi,DABccvNCANcj@test.com,남,20160402,20160402
4,성한민,010-5693-3527,o1r7lxfu,bqukHBwNKqOf@test.com,여,19550719,19550719
5,홍서안,010-0354-6270,qkl0i53r,cEzcExpQVSIj@test.com,남,20191218,20191218
6,송초민,010-4078-3402,zx1yslzi0,feeIzzgcLBwr@test.com,남,19540921,19540921
7,서문서빛,010-8194-7209,er45,zpRfzVVjXZVf@test.com,남,19631122,19631122
8,황안재,010-9871-0145,md2ik01,FvYfjSVpuJBJ@test.com,남,19330213,19330213
9,박담아,010-8751-3256,bg2ulizm,xZOiVXLeLgDV@test.com,여,19091001,19091001
10,노영누,010-6153-6387,txcmso,iYTkVXnHpQmc@test.com,여,20020920,20020920
11,송종현,010-3612-2879,np0kdryse,hdqYZvKbIvSn@test.com,남,19350829,19350829
12,최백주,010-4835-2487,y2z9hmp,eiHIwsvMIYCq@test.com,여,19590717,19590717
13,독고해탐,010-4963-7593,we3tax,hvCbsFifztoI@test.com,여,19260727,19260727
14,정빛강,010-3569-2736,mhcftpz0xy,ADVIVOYrMREu@test.com,남,19741022,19741022
15,고혜새,010-1984-0192,u60r,bOquoqBAaHYX@test.com,남,19980803,19980803
16,한범안,010-0798-4890,tmofl,pokegvzbmuNj@test.com,여,19150716,19150716
17,박채선,010-1573-3506,rh2zps4z3l,vGBFeShbBNsh@test.com,남,19270930,19270930
18,주별상,010-5237-3728,tm3zd,tOXqTjQZIxNz@test.com,남,19291118,19291118
19,정채종,010-8294-4801,ndy3i9xqk1,DVsDMKNXPJRq@test.com,여,20110421,20110421
20,우형명,010-8374-9563,kp8cxl3bzg,CKXoQwyTNzzs@test.com,남,19641122,19641122
21,주나천,010-6023-5432,hdxkg1o,qkcaDJwGEHsI@test.com,여,19121213,19121213
22,조예춘,010-2976-2105,f7gpns,EnSuhsxqMkKR@test.com,여,19250626,19250626
23,남병춘,010-1968-4601,c13k8d,UrUDZpeEVmum@test.com,여,19961130,19961130
24,정보범,010-8152-5203,xocb,aLLVSEMbxdZC@test.com,남,19460619,19460619
25,문병애,010-0926-2471,a4l9bso2g,msBPHvsDkQEf@test.com,남,19491003,19491003
26,황보치아,010-3659-4056,oq0at3,LGYVMWgfkbwD@test.com,남,20040204,20040204
27,양보고,010-5842-8259,f0cv3o,vNdMysXtfKvD@test.com,남,19660916,19660916
28,고범안,010-8153-0478,ilzab,TfshCFCwiHyb@test.com,남,19130816,19130816
29,제갈별호,010-5178-3872,gw51df,dpBSrXHXTBWY@test.com,남,20100110,20100110
30,제갈택조,010-2157-7234,nqbx215z,fNusYeGQgIop@test.com,남,19570114,19570114
31,허덕서,010-9234-1276,r6mxgnfa,IYKNGwpZhQog@test.com,남,19420808,19420808
32,박동보,010-6815-6578,euyrgiq9kc,gDjfvUhLLBqc@test.com,여,19900119,19900119
33,안도덕,010-1256-2037,rlcszfvkbt,ZKMmLRCBDkuw@test.com,남,19480414,19480414
34,독고복택,010-4950-3069,lhr1asy4n7,SWYSEmpMSsbm@test.com,여,19500403,19500403
35,김고옥,010-3061-7902,v3rilm0,fMtoIwhFQhYN@test.com,남,19720730,19720730
36,우치준,010-1480-4603,gz4ie98,AoEqfcGGqvtY@test.com,남,20010110,20010110
37,양예정,010-2108-5483,zmv1xnhcke,NRuEQXSIbyKr@test.com,여,19200216,19200216
38,주다나,010-3268-0945,f21ay0zt,SbrPKaiywxjZ@test.com,여,19340904,19340904
39,허형산,010-0392-3892,ybv91zewx,bBNvUJWMdeEI@test.com,여,19200520,19200520
40,남영다,010-9184-4568,ng2ed7a,xUmAtlkIiKxy@test.com,남,19100905,19100905
41,조주초,010-5081-3752,ly9d,KyVAQDZHgdZx@test.com,여,20180602,20180602
42,황누해,010-4387-3758,tsg7pu,DSUEmTxqEZUp@test.com,남,19510626,19510626
43,신마혁,010-2301-4537,v5zi,xgSXwoCkIIrL@test.com,남,19050623,19050623
44,남오도,010-0156-8429,qb2z8,UiEBKkrRJYMU@test.com,남,19051129,19051129
45,허지치,010-8965-9143,wckxei0,DOZZQfMnWiLQ@test.com,여,20030721,20030721
46,독고누복,010-8613-6940,nc5qwdhm,QKjRoLyssnKl@test.com,여,19870309,19870309
47,이준해,010-2145-0916,n60sivxbm,JKesaOUxuvmG@test.com,여,19720318,19720318
48,이별도,010-3180-0248,m0td3se5,ygEhUqIqlGPu@test.com,여,20081004,20081004
49,오범애,010-5120-6097,stdi4zhzgy,zUnkTShZaPNE@test.com,남,19190412,19190412
50,서문치미,010-0721-1930,umkfo,vaohvqhAOpxm@test.com,남,19540108,19540108
51,주택빛,010-9315-6407,rdm5h37,qHfwXBubWmBU@test.com,여,20010414,20010414
52,제갈서무,010-4207-6497,dhvt,DytUwrsfQEMA@test.com,여,19940620,19940620
53,조강사,010-9618-7569,gbdo9ryq,OcqNBBGWynKw@test.com,남,19940825,19940825
54,황아주,010-2639-4521,ozwlaymk,uKMjacaldtsS@test.com,남,19371228,19371228
55,임문선,010-4390-9068,xhsw1r03l,qdHzliaVfmdk@test.com,남,19311120,19311120
56,황보초고,010-8645-6053,dzvr293t,vJRWdsKZXkjf@test.com,남,19270919,19270919
57,남궁강아,010-8907-5072,i57dcbg,imhlSHGLsIcc@test.com,남,19120227,19120227
58,제갈택서,010-4158-8324,gyls9t04zh,SjqIKRdUftCS@test.com,여,20080409,20080409
59,류담춘,010-6029-8210,brny,nqqCYVUNPnfi@test.com,남,19340724,19340724
60,한명옥,010-1094-0465,zdmct6shf,mlDwgqTtvmUD@test.com,여,19350716,19350716
61,남채래,010-1647-7316,w9pse1dg,kmOdLSbrLKCd@test.com,남,19941007,19941007
62,성오장,010-1860-5917,kofz,dnYaqIeIsyLU@test.com,여,19510515,19510515
63,홍도백,010-8750-1049,r4c26zzy,fOSgHthkTBIJ@test.com,여,19770427,19770427
64,신애서,010-6439-8137,nbzpuhs,vfJtWCQZNBDk@test.com,여,20020330,20020330
65,윤철범,010-5692-3728,awymt7ezgb,JiQOFXokLqIz@test.com,남,20100104,20100104
66,노루건,010-2140-6471,fbtmwio1a,xRnSiScecZbu@test.com,남,20170317,20170317
67,홍춘찬,010-8603-6398,ga6t89,FhgYOLmADKWr@test.com,남,19090205,19090205
68,조지애,010-7132-7315,py65,pUSkIRNwdVft@test.com,여,20030321,20030321
69,오복새,010-5274-3862,nbz6,FsSvqxCmVHkP@test.com,여,19051024,19051024
70,고민주,010-4021-0983,n76s0bde,ysIsBzhWbhbT@test.com,남,19201103,19201103
71,노해보,010-5219-4501,kb7eh6z,kkHWVsOHxVeh@test.com,여,19240426,19240426
72,제갈루관,010-8324-9451,vkyls87b,ONcccWRCvgKB@test.com,남,19500207,19500207
73,서문창나,010-9235-6981,w75ap,YmKCMveSpuWS@test.com,여,19320912,19320912
74,홍탐관,010-3689-1286,fis0edg31,NhgiSzNOJXkY@test.com,남,20200123,20200123
75,우하안,010-4975-0913,dnzhtb50r,wXnwPOIuVKxd@test.com,여,20200920,20200920
76,안현건,010-7153-8127,am2e1zz,xblhJRiXBSZl@test.com,남,19120426,19120426
77,홍택사,010-3849-1593,z73kgot,NFwQCIEGtIdg@test.com,여,19180306,19180306
78,박서지,010-3954-3028,f6box,OhBmKSuKfOhz@test.com,남,19360626,19360626
79,김하새,010-2048-0815,y0azicgsp,MaWUvxkDPdPU@test.com,여,20130304,20130304
80,윤형라,010-3794-8910,n5bgdvtlk,ijPxeQPDYtLY@test.com,남,19760203,19760203
81,허조애,010-5648-6493,y6x5lnt4,EpowleDNpdCo@test.com,남,20090701,20090701
82,조엄완,010-3276-7802,mf8xo4,tnWzyMXIbyku@test.com,남,19180515,19180515
83,송병서,010-8126-4576,cp0uml,UVKRrYHeaNsR@test.com,남,20070914,20070914
84,남재별,010-3012-9867,r4zu8md,JboFEhpVjjKb@test.com,여,19480808,19480808
85,황보주경,010-8092-1430,qmb35f,sWkZfQBVlzlU@test.com,여,19640401,19640401
86,박선라,010-3864-5091,sqd06kv8x,CrwvNTFlQuuf@test.com,남,19590202,19590202
87,선우택마,010-1072-2396,mybh6v,hSbEjCEYxWIQ@test.com,여,19060304,19060304
88,최덕범,010-5098-4539,wl9yro,KipJaFYiJFIz@test.com,남,19670811,19670811
89,선우장석,010-6704-2179,sg1kbn64o,DqavJUUoHvRT@test.com,남,19650527,19650527
90,정전대,010-7894-5614,sz19q3xe6,SSVSKBeBueTJ@test.com,남,19070802,19070802
91,윤창준,010-9684-4963,zwnytoqd1,aaGEhalckvUg@test.com,남,19430530,19430530
92,안전명,010-8314-3726,wo5f1lnh,DwjGOkBSUXhA@test.com,여,19211111,19211111
93,강복현,010-9576-7189,il0hp1tzv,UrITlHUiVyDJ@test.com,남,19251217,19251217
94,류혁치,010-8123-5168,a3x9cyk,jVcYpSiOtzvW@test.com,여,19531003,19531003
95,문아문,010-0694-2847,o8czk,EkZovTlHUvhr@test.com,남,19310621,19310621
96,고안만,010-4376-1982,ys5hqxewl,gTvHlvxJbNAl@test.com,남,19821204,19821204
97,남궁창요,010-7264-5603,lzknz,gnLQmWAdBwfj@test.com,여,19040904,19040904
98,선우창하,010-2863-7912,ye3ukwq8,YlWeBZkncDSA@test.com,남,19580704,19580704
99,신다별,010-2508-4876,gh2zwfxp4,JEpgcTczRVfD@test.com,여,19281103,19281103
